,OperationsAmountPerYear,Weekly articles_mean,Interweek change_mean
0,2011 Single Operation,59.07692307692308,0.0014590970317834423
1,2012 Single Operation,64.8076923076923,-0.0003204787614801291
2,2013 Single Operation,54.73076923076923,-0.0014030875208729788
3,2014 Three Operations,80.4423076923077,0.002241525989476162
4,2018 Single Operation,77.4423076923077,0.0015434304260743292
5,2019 Three Operations,48.96153846153846,-0.0014455198002200353
6,2021 Single Operation,23.607843137254903,-0.0006293160015663049
7,Zero Operations,52.042857142857144,-0.0009333135346958922
